{"models":[{"edges":[{"id":"7ce5baa0-4e60-11ec-99f1-07593d80af56","name":"e_Cruise","sourceVertexId":"e1bd1e10-4e5f-11ec-99f1-07593d80af56","targetVertexId":"02ffd3b0-4e60-11ec-99f1-07593d80af56"},{"id":"8f503cb0-4e60-11ec-99f1-07593d80af56","name":"e_Cruise","sourceVertexId":"02ffd3b0-4e60-11ec-99f1-07593d80af56","targetVertexId":"e1bd1e10-4e5f-11ec-99f1-07593d80af56"},{"id":"9dcce2c0-4e60-11ec-99f1-07593d80af56","name":"e_Decel","sourceVertexId":"02ffd3b0-4e60-11ec-99f1-07593d80af56","targetVertexId":"3f894370-4e60-11ec-99f1-07593d80af56"},{"id":"e9f57f90-4e60-11ec-99f1-07593d80af56","name":"e_Decel","sourceVertexId":"3f894370-4e60-11ec-99f1-07593d80af56","targetVertexId":"3f894370-4e60-11ec-99f1-07593d80af56"},{"id":"f55fdc90-4e60-11ec-99f1-07593d80af56","name":"e_Accel","sourceVertexId":"3f894370-4e60-11ec-99f1-07593d80af56","targetVertexId":"3f894370-4e60-11ec-99f1-07593d80af56"},{"id":"078eb530-4e61-11ec-99f1-07593d80af56","name":"e_Cruise","sourceVertexId":"3f894370-4e60-11ec-99f1-07593d80af56","targetVertexId":"e1bd1e10-4e5f-11ec-99f1-07593d80af56"},{"id":"4a251060-4e61-11ec-99f1-07593d80af56","name":"e_Cruise","sourceVertexId":"65a2d580-4e60-11ec-99f1-07593d80af56","targetVertexId":"e1bd1e10-4e5f-11ec-99f1-07593d80af56"},{"id":"5b968c70-4e61-11ec-99f1-07593d80af56","name":"e_Cancel","sourceVertexId":"3f894370-4e60-11ec-99f1-07593d80af56","targetVertexId":"65a2d580-4e60-11ec-99f1-07593d80af56"},{"id":"67afa000-4e61-11ec-99f1-07593d80af56","name":"e_Brake","sourceVertexId":"3f894370-4e60-11ec-99f1-07593d80af56","targetVertexId":"65a2d580-4e60-11ec-99f1-07593d80af56"},{"id":"7c4ce090-4e61-11ec-99f1-07593d80af56","name":"e_Accel","sourceVertexId":"65a2d580-4e60-11ec-99f1-07593d80af56","targetVertexId":"3f894370-4e60-11ec-99f1-07593d80af56"},{"id":"838f17b0-4e61-11ec-99f1-07593d80af56","name":"e_Decel","sourceVertexId":"65a2d580-4e60-11ec-99f1-07593d80af56","targetVertexId":"3f894370-4e60-11ec-99f1-07593d80af56"},{"id":"bffd47f0-517a-11ec-97a9-83e952f24f1b","name":"e_Accel","sourceVertexId":"02ffd3b0-4e60-11ec-99f1-07593d80af56","targetVertexId":"3f894370-4e60-11ec-99f1-07593d80af56"}],"generator":"random(edge_coverage(100))","id":"a6c63200-4e5b-11ec-99f1-07593d80af56","name":"CruiseControlFaultModel","startElementId":"e1bd1e10-4e5f-11ec-99f1-07593d80af56","vertices":[{"id":"e1bd1e10-4e5f-11ec-99f1-07593d80af56","name":"v_Off","properties":{"x":81,"y":131}},{"id":"02ffd3b0-4e60-11ec-99f1-07593d80af56","name":"v_Deactivated","properties":{"x":929,"y":144}},{"id":"3f894370-4e60-11ec-99f1-07593d80af56","name":"v_Activated","properties":{"x":694,"y":459}},{"id":"65a2d580-4e60-11ec-99f1-07593d80af56","name":"v_Canceled","properties":{"x":286,"y":449}}],"editor":{"elements":{"nodes":[{"data":{"id":"e1bd1e10-4e5f-11ec-99f1-07593d80af56","name":"v_Off","color":"LightGreen"},"position":{"x":81,"y":131},"group":"nodes","removed":false,"selected":false,"selectable":true,"locked":false,"grabbable":true,"pannable":false,"classes":""},{"data":{"id":"02ffd3b0-4e60-11ec-99f1-07593d80af56","name":"v_Deactivated","color":"LightGreen"},"position":{"x":929,"y":144},"group":"nodes","removed":false,"selected":false,"selectable":true,"locked":false,"grabbable":true,"pannable":false,"classes":""},{"data":{"id":"3f894370-4e60-11ec-99f1-07593d80af56","name":"v_Activated","color":"LightGreen"},"position":{"x":694,"y":459},"group":"nodes","removed":false,"selected":false,"selectable":true,"locked":false,"grabbable":true,"pannable":false,"classes":""},{"data":{"id":"65a2d580-4e60-11ec-99f1-07593d80af56","name":"v_Canceled","color":"LightGreen"},"position":{"x":286,"y":449},"group":"nodes","removed":false,"selected":false,"selectable":true,"locked":false,"grabbable":true,"pannable":false,"classes":""}],"edges":[{"data":{"id":"7ce5baa0-4e60-11ec-99f1-07593d80af56","name":"e_Cruise","source":"e1bd1e10-4e5f-11ec-99f1-07593d80af56","target":"02ffd3b0-4e60-11ec-99f1-07593d80af56","color":"LightGreen"},"position":{"x":0,"y":0},"group":"edges","removed":false,"selected":false,"selectable":true,"locked":false,"grabbable":true,"pannable":true,"classes":""},{"data":{"id":"8f503cb0-4e60-11ec-99f1-07593d80af56","name":"e_Cruise","source":"02ffd3b0-4e60-11ec-99f1-07593d80af56","target":"e1bd1e10-4e5f-11ec-99f1-07593d80af56","color":"LightGreen"},"position":{"x":0,"y":0},"group":"edges","removed":false,"selected":false,"selectable":true,"locked":false,"grabbable":true,"pannable":true,"classes":""},{"data":{"id":"9dcce2c0-4e60-11ec-99f1-07593d80af56","name":"e_Decel","source":"02ffd3b0-4e60-11ec-99f1-07593d80af56","target":"3f894370-4e60-11ec-99f1-07593d80af56","color":"LightGreen"},"position":{"x":0,"y":0},"group":"edges","removed":false,"selected":false,"selectable":true,"locked":false,"grabbable":true,"pannable":true,"classes":""},{"data":{"id":"e9f57f90-4e60-11ec-99f1-07593d80af56","name":"e_Decel","source":"3f894370-4e60-11ec-99f1-07593d80af56","target":"3f894370-4e60-11ec-99f1-07593d80af56","color":"LightGreen"},"position":{"x":0,"y":0},"group":"edges","removed":false,"selected":false,"selectable":true,"locked":false,"grabbable":true,"pannable":true,"classes":""},{"data":{"id":"f55fdc90-4e60-11ec-99f1-07593d80af56","name":"e_Accel","source":"3f894370-4e60-11ec-99f1-07593d80af56","target":"3f894370-4e60-11ec-99f1-07593d80af56","color":"LightGreen"},"position":{"x":0,"y":0},"group":"edges","removed":false,"selected":false,"selectable":true,"locked":false,"grabbable":true,"pannable":true,"classes":""},{"data":{"id":"078eb530-4e61-11ec-99f1-07593d80af56","name":"e_Cruise","source":"3f894370-4e60-11ec-99f1-07593d80af56","target":"e1bd1e10-4e5f-11ec-99f1-07593d80af56","color":"LightGreen"},"position":{"x":0,"y":0},"group":"edges","removed":false,"selected":false,"selectable":true,"locked":false,"grabbable":true,"pannable":true,"classes":""},{"data":{"id":"1c6ccf50-4e61-11ec-99f1-07593d80af56","name":"e_Cancel","source":"02ffd3b0-4e60-11ec-99f1-07593d80af56","target":"65a2d580-4e60-11ec-99f1-07593d80af56","color":"LightGreen"},"position":{"x":0,"y":0},"group":"edges","removed":false,"selected":false,"selectable":true,"locked":false,"grabbable":true,"pannable":true,"classes":""},{"data":{"id":"37651b50-4e61-11ec-99f1-07593d80af56","name":"e_Brake","source":"02ffd3b0-4e60-11ec-99f1-07593d80af56","target":"65a2d580-4e60-11ec-99f1-07593d80af56","color":"LightGreen"},"position":{"x":0,"y":0},"group":"edges","removed":false,"selected":false,"selectable":true,"locked":false,"grabbable":true,"pannable":true,"classes":""},{"data":{"id":"4a251060-4e61-11ec-99f1-07593d80af56","name":"e_Cruise","source":"65a2d580-4e60-11ec-99f1-07593d80af56","target":"e1bd1e10-4e5f-11ec-99f1-07593d80af56","color":"LightGreen"},"position":{"x":0,"y":0},"group":"edges","removed":false,"selected":false,"selectable":true,"locked":false,"grabbable":true,"pannable":true,"classes":""},{"data":{"id":"5b968c70-4e61-11ec-99f1-07593d80af56","name":"e_Cancel","source":"3f894370-4e60-11ec-99f1-07593d80af56","target":"65a2d580-4e60-11ec-99f1-07593d80af56","color":"LightGreen"},"position":{"x":0,"y":0},"group":"edges","removed":false,"selected":false,"selectable":true,"locked":false,"grabbable":true,"pannable":true,"classes":""},{"data":{"id":"67afa000-4e61-11ec-99f1-07593d80af56","name":"e_Brake","source":"3f894370-4e60-11ec-99f1-07593d80af56","target":"65a2d580-4e60-11ec-99f1-07593d80af56","color":"LightGreen"},"position":{"x":0,"y":0},"group":"edges","removed":false,"selected":false,"selectable":true,"locked":false,"grabbable":true,"pannable":true,"classes":""},{"data":{"id":"7c4ce090-4e61-11ec-99f1-07593d80af56","name":"e_Accel","source":"65a2d580-4e60-11ec-99f1-07593d80af56","target":"3f894370-4e60-11ec-99f1-07593d80af56","color":"LightGreen"},"position":{"x":0,"y":0},"group":"edges","removed":false,"selected":false,"selectable":true,"locked":false,"grabbable":true,"pannable":true,"classes":""},{"data":{"id":"838f17b0-4e61-11ec-99f1-07593d80af56","name":"e_Decel","source":"65a2d580-4e60-11ec-99f1-07593d80af56","target":"3f894370-4e60-11ec-99f1-07593d80af56","color":"LightGreen"},"position":{"x":0,"y":0},"group":"edges","removed":false,"selected":false,"selectable":true,"locked":false,"grabbable":true,"pannable":true,"classes":""}]},"style":[{"selector":"core","style":{"active-bg-size":"0px"}},{"selector":"node","style":{"label":"data(name)","text-wrap":"wrap","text-valign":"center","text-halign":"center","shape":"roundrectangle","width":"label","height":"label","color":"rgb(0,0,0)","background-color":"data(color)","line-color":"data(color)","padding":"10px"}},{"selector":"edge","style":{"label":"data(name)","text-wrap":"wrap","curve-style":"bezier","text-rotation":"autorotate","target-arrow-shape":"triangle","width":"4px","line-color":"data(color)","target-arrow-color":"data(color)","background-color":"data(color)"}},{"selector":":loop","style":{"curve-style":"unbundled-bezier","control-point-step-size":"60px"}},{"selector":":selected","style":{"border-width":"4px","border-color":"rgb(0,0,0)","line-color":"rgb(0,0,0)","target-arrow-color":"rgb(0,0,0)"}}],"data":{},"zoomingEnabled":true,"userZoomingEnabled":true,"zoom":1,"minZoom":1e-50,"maxZoom":1e+50,"panningEnabled":true,"userPanningEnabled":true,"pan":{"x":26,"y":15},"boxSelectionEnabled":true,"renderer":{"name":"canvas"}}}],"selectedModelIndex":0,"selectedElementId":"bffd47f0-517a-11ec-97a9-83e952f24f1b"}