<?xml version="1.0" encoding="utf-8"?>
<!DOCTYPE nta PUBLIC '-//Uppaal Team//DTD Flat System 1.1//EN' 'http://www.it.uu.se/research/group/darts/uppaal/flat-1_2.dtd'>
<nta>
	<declaration>// Place global declarations here.
const int N = 3;
int[-1,N]  t=-1;
bool x[N];

</declaration>
	<template>
		<name x="5" y="5">mutex</name>
		<parameter>int[0,N-1] i, bool &amp;x[N]</parameter>
		<declaration>// Place local declarations here.
bool existtrue(bool x[N], int i){
    int j=0;
    for(j=0;j&lt;N;j++){
        if(x[j]==true &amp;&amp; j!=i)
            return true;
    }
    return false;
}

bool allfalse(bool x[N],int i){
    int j=0;
    for(j=0;j&lt;N;j++){
        if(x[j]==true &amp;&amp; j!=i)
            return false;
    }
    return true;
}</declaration>
		<location id="id0" x="-263" y="-153">
			<name x="-272" y="-187">idle</name>
		</location>
		<location id="id1" x="-93" y="-153">
			<name x="-110" y="-187">enter</name>
		</location>
		<location id="id2" x="212" y="-153">
			<name x="195" y="-187">wait</name>
		</location>
		<location id="id3" x="-93" y="8">
			<name x="-102" y="25">cs</name>
		</location>
		<init ref="id0"/>
		<transition>
			<source ref="id3"/>
			<target ref="id0"/>
			<label kind="assignment" x="-280" y="-68">x[i]:=false,t:=-1</label>
		</transition>
		<transition>
			<source ref="id2"/>
			<target ref="id3"/>
			<label kind="guard" x="0" y="-102">t==i</label>
			<label kind="assignment" x="-8" y="-85">t:=i,x[i]:=true</label>
			<nail x="0" y="-102"/>
		</transition>
		<transition>
			<source ref="id2"/>
			<target ref="id3"/>
			<label kind="guard" x="51" y="-59">t==-1</label>
			<label kind="assignment" x="42" y="-42">x[i]:=true,t:=i</label>
			<nail x="34" y="-8"/>
		</transition>
		<transition>
			<source ref="id1"/>
			<target ref="id3"/>
			<label kind="guard" x="-170" y="-102">allfalse(x,i)</label>
			<label kind="assignment" x="-119" y="-85">t:=i</label>
			<nail x="-93" y="-25"/>
		</transition>
		<transition>
			<source ref="id1"/>
			<target ref="id2"/>
			<label kind="guard" x="-25" y="-170">existtrue(x,i)</label>
			<label kind="assignment" x="-17" y="-153">x[i]=false</label>
		</transition>
		<transition>
			<source ref="id0"/>
			<target ref="id1"/>
			<label kind="assignment" x="-212" y="-170">x[i]:=true</label>
		</transition>
	</template>
	<system>// Place template instantiations here.
P1 = mutex(0,x);
P2 = mutex(1,x);
P3 = mutex(2,x);
system P1,P2,P3;
    </system>
	<queries>
		<query>
			<formula>A[] not deadlock</formula>
			<comment></comment>
		</query>
		<query>
			<formula>A[] not(P1.cs and P2.cs and P3.cs)</formula>
			<comment></comment>
		</query>
		<query>
			<formula>A[] not(P2.cs and P3.cs)</formula>
			<comment></comment>
		</query>
		<query>
			<formula>A[] not(P1.cs and P2.cs)</formula>
			<comment></comment>
		</query>
		<query>
			<formula>E&lt;&gt; P3.cs</formula>
			<comment></comment>
		</query>
		<query>
			<formula>E&lt;&gt; P2.cs</formula>
			<comment></comment>
		</query>
		<query>
			<formula>E&lt;&gt; P1.cs</formula>
			<comment></comment>
		</query>
	</queries>
</nta>
